appno,importance
1194/04,1
53865/11,1
43838/07,1
11157/04,1
42443/02,1
5351/04,1
10493/12,1
60805/00,1
19127/06,1
23929/08,1
54332/13,1
12042/09,1
12997/06,1
7026/10,1
16032/07,1
30664/05,1
35623/05,1
24515/09,1
46892/09,1
10597/13,1
20087/06,1
9204/04,2
418/04,1
12066/02,1
25612/12,1
68125/14,1
77541/01,2
36498/05,1
54552/09,1
10443/08,1
41391/06,1
20535/03,1
23755/07,3
53716/17,1
22126/93,1
59552/08,1
36137/13,1
74986/10,1
27889/03,1
23172/08,1
6128/04,1
30733/08,1
71614/01,2
17884/12,1
7121/15,1
12083/03,2
75039/01,3
49017/99,1
11697/05,1
10722/03,1
9046/07,1
152/04,1
22824/04,1
4451/02,1
31045/10,1
31721/02,1
10926/09,1
38206/05,1
9511/81,1
5207/10,1
55463/09,1
55520/00,2
252/04,1
28954/02,3
10395/19,1
14031/09,1
11577/06,1
39093/13,1
10211/12,1
35259/04,2
30019/05,1
50435/99,3
50124/13,1
44221/02,1
11882/10,1
30324/96,3
57986/00,1
5786/08,3
47690/07,1
35824/04,1
48149/09,1
74613/01,1
21979/04,1
36261/08,1
41382/17,1
28856/95,3
11577/12,1
22419/05,1
14861/89,1
49037/09,1
47920/12,1
28032/12,1
36533/97,3
73235/12,1
44776/09,1
39120/03,1
48545/99,1
26436/05,1
72964/10,1
62980/10,1
16744/14,1
47355/99,2
28488/95,3
41427/98,2
51279/09,1
55263/00,1
28028/95,1
47115/99,1
16347/02,1
33909/96,2
64195/10,2
34821/06,1
966/14,1
50882/99,1
1586/05,1
19583/05,1
26524/04,1
60750/00,2
12976/07,1
37501/06,1
45426/06,1
39797/05,1
13448/07,1
23960/02,3
47039/11,1
51744/99,1
47676/99,1
1858/03,2
23571/02,1
19619/03,1
8543/05,1
47729/08,1
29869/13,1
21326/07,1
23554/03,1
18322/05,1
70935/11,1
55383/00,2
22737/04,1
58400/16,1
7433/05,1
10692/09,1
32003/13,1
57325/00,3
703/05,1
19294/07,2
9566/10,1
29372/02,3
30731/03,1
21194/09,1
337/04,1
58971/00,1
7359/14,1
63514/00,2
75470/01,1
32559/96,1
58689/11,1
25801/94,1
11751/03,1
62235/09,1
16779/02,2
42078/98,3
25067/94,3
28680/06,1
19320/07,1
5063/05,1
52722/15,1
21789/02,1
8394/13,1
41205/98,1
39941/07,1
19451/04,1
54769/10,1
4867/16,1
47940/99,1
16941/07,1
23810/05,1
54382/09,1
24245/09,1
33198/04,1
31706/10,1
56581/00,3
51198/08,1
69700/01,3
54273/00,3
53013/15,1
20106/06,1
31833/06,1
3076/05,1
9042/04,1
17992/09,1
23087/07,1
45083/06,1
16003/03,2
16608/09,1
44319/04,1
3380/10,1
67199/01,1
58210/08,1
39084/97,1
9006/80,3
60125/11,1
59631/09,1
69124/01,2
49337/07,1
45744/08,1
10341/07,1
40694/13,1
14480/08,1
1484/07,1
37245/13,1
1122/12,1
10383/09,1
8978/80,1
39806/05,1
6954/02,1
79653/12,1
10544/17,1
31155/13,1
22600/02,1
17419/16,1
14089/03,1
33082/96,1
35823/03,1
57412/08,3
5113/15,1
37976/06,1
32990/09,1
6725/03,1
18895/08,1
38049/02,2
59937/08,1
50283/13,1
17842/08,1
26764/08,1
44581/08,1
22735/07,1
47628/11,1
44363/02,1
63235/00,3
32967/96,3
46372/99,2
35187/04,1
77710/01,1
44286/12,1
27153/07,1
32374/02,2
75813/01,2
22663/06,1
9693/02,2
32457/96,1
38419/02,1
21317/05,1
17584/04,2
76191/12,1
74530/01,2
24923/15,1
61444/00,2
25224/04,1
42305/18,1
48555/08,1
30457/06,1
37461/05,1
60846/10,1
20589/13,1
25851/09,1
88/02,2
59097/13,1
12391/06,1
3504/02,2
49097/08,1
34725/08,1
11264/04,1
20430/04,1
3534/06,1
45566/08,1
7839/15,1
54839/17,1
22877/04,1
39954/08,3
77845/01,2
26881/02,1
68851/16,1
69834/01,2
22597/02,2
57592/08,1
24688/05,1
33422/03,1
1363/02,1
33488/02,2
20520/08,1
33804/96,3
26342/04,2
51269/07,1
22935/11,1
17596/06,1
15825/06,1
24528/02,1
57292/12,1
6301/73,1
22094/04,2
40269/02,1
63831/00,3
42542/04,1
15563/06,1
15602/07,1
5417/06,1
32391/96,2
35778/11,1
2334/03,3
36408/97,3
63252/00,2
28898/95,1
19441/03,1
6291/05,1
42758/05,1
50376/09,1
7975/07,1
35688/11,1
44131/05,1
64863/13,1
39069/97,3
1638/03,3
45653/13,1
16330/02,1
53736/08,1
24058/13,1
62237/14,1
4153/10,1
44240/12,1
4649/08,1
37500/04,1
54703/08,1
25435/06,1
65158/09,1
43631/09,1
10511/10,2
2346/02,3
10949/10,1
473/07,1
20988/02,1
44372/02,1
14049/08,1
32913/03,1
25834/09,1
24402/02,1
40058/98,3
30613/05,1
55722/00,1
10426/02,1
14326/11,1
8014/07,1
42454/02,1
15729/07,1
34124/06,3
50934/99,2
27833/02,1
26595/08,1
24705/16,1
16084/90,1
17993/09,1
25017/94,1
30742/03,1
60708/13,1
26586/08,1
25480/15,1
918/02,1
30674/03,1
37975/97,1
66882/09,1
10163/02,1
47829/99,1
8306/10,1
2226/10,1
48983/99,2
28975/04,1
2245/05,1
77796/01,1
16034/90,1
42615/06,1
65808/10,1
40074/98,1
60162/16,1
56717/00,2
24948/05,1
44197/11,1
8182/07,1
15449/09,1
3394/03,1
10301/03,1
40374/11,1
62257/15,1
55844/12,1
33488/04,1
34787/04,1
52502/07,1
20578/08,1
27798/95,3
6284/02,1
49514/99,2
41920/09,1
60426/11,1
64982/12,1
4310/10,1
33017/03,1
1383/02,1
13471/06,1
40583/15,1
11528/07,1
3994/03,1
33468/03,1
42488/02,1
19189/04,1
43418/09,1
58171/09,1
54765/09,1
11981/15,1
24029/07,1
5422/04,1
25367/05,1
3991/03,1
79040/12,1
43803/98,1
48974/09,1
60607/08,1
316/07,1
58630/11,1
44473/14,1
11800/85,1
36223/06,1
60669/00,3
54522/00,1
66583/11,1
48939/99,3
35014/97,3
2308/06,1
31356/04,1
74152/01,1
38585/04,1
3060/07,1
37923/12,1
50375/07,1
30943/04,1
10309/03,1
26000/02,1
40431/04,1
31577/17,1
4031/16,1
18465/05,1
42322/09,1
70213/01,1
31206/02,1
51392/99,2
24649/10,1
23218/94,1
29278/16,1
41604/98,3
1853/08,1
19010/07,2
38663/97,1
74884/13,1
55954/00,1
2834/06,1
22426/11,1
41615/07,3
9960/05,1
20518/04,1
14284/08,1
8660/09,1
14352/05,1
49379/09,2
42139/12,2
3001/06,1
34236/06,1
40153/09,1
28005/12,1
47328/99,2
49686/99,1
68453/13,1
48781/12,1
72839/01,2
11179/84,1
42596/98,2
25147/07,1
20491/92,3
32686/96,3
18669/08,1
52848/99,2
36358/14,1
12951/11,1
28852/06,1
30777/03,1
18597/13,1
58049/11,1
1555/04,1
21447/04,2
34999/97,2
62676/16,2
43104/04,1
73864/01,1
38311/02,3
11828/08,1
68066/12,1
47988/09,1
49398/99,1
10593/08,3
26668/95,1
32214/03,1
17731/03,1
27102/02,2
73692/12,1
29840/03,1
74400/01,1
23759/02,1
22930/05,1
68354/01,1
50213/99,3
38287/02,1
77546/14,1
72221/11,1
41990/18,1
51894/14,1
19710/02,3
43701/14,1
59550/11,1
7602/06,1
7510/04,1
75985/12,1
29052/03,2
7680/05,1
32577/96,2
76434/01,2
38426/03,1
54322/14,1
52390/99,3
52443/99,2
38458/15,3
6492/11,1
6169/13,1
52595/09,1
33803/04,1
58530/08,1
23912/12,1
37038/97,3
42265/06,1
23185/03,1
35292/05,1
24768/06,3
29343/10,1
21794/08,1
3006/03,1
75274/01,3
55146/14,2
32059/02,1
38055/06,1
46689/12,1
59177/10,1
20260/04,1
50473/11,1
31467/06,1
15838/13,1
23413/94,1
46827/99,3
14796/11,1
19171/03,1
64725/01,1
26461/06,1
43348/13,1
7224/11,1
10126/82,1
14626/03,1
40485/08,1
34656/03,1
41760/04,1
41803/04,1
47082/12,1
32772/02,3
37685/02,1
42184/09,1
14403/04,1
36370/08,1
66757/14,1
5744/05,1
31492/05,1
53341/99,3
22298/11,1
34091/03,1
32310/08,1
36103/04,1
14705/09,1
35746/11,1
36496/02,2
33239/96,1
15121/11,1
33645/07,1
31855/03,1
3462/04,1
10311/03,1
33868/05,1
7448/16,1
42981/06,1
73369/01,2
38711/03,1
37138/14,1
34155/96,1
78145/01,1
13339/11,1
62924/10,1
46092/06,1
42588/10,1
26760/95,2
16117/02,1
39970/02,1
38549/97,2
21417/04,2
23423/94,1
21851/03,1
17384/06,1
27248/03,1
26384/02,3
13074/07,1
60132/00,1
7075/10,1
22050/05,1
36293/02,1
16969/90,1
15336/02,1
64212/01,2
10355/09,1
8474/14,1
50001/12,1
34447/05,1
54145/10,2
20403/05,1
17012/09,1
77766/01,1
20077/04,1
43190/10,1
15067/04,1
75524/13,1
34078/02,3
15407/05,1
7708/12,1
13237/17,1
30949/96,3
45582/99,3
42234/02,1
23596/04,1
21525/93,1
13488/07,1
4078/03,1
41433/06,1
12848/03,1
50027/08,1
30280/03,1
9150/05,1
25587/94,1
747/09,1
23741/13,1
43854/98,2
46702/99,1
56842/08,1
19813/16,1
40909/08,1
5138/04,1
36617/07,1
14743/11,1
21834/05,1
53051/08,1
42906/12,1
58650/12,1
33696/02,2
61411/15,3
34784/02,1
23272/07,1
41063/07,1
38035/04,1
23702/15,1
63647/00,1
56666/12,1
44260/13,1
72019/01,2
62187/00,2
52634/99,2
69162/01,1
14466/12,1
6496/14,1
56193/00,3
57830/00,1
8658/79,1
22840/07,1
67240/01,2
33704/09,1
8610/11,2
30361/12,1
74961/01,1
25528/94,1
42875/10,1
56720/09,1
58191/00,2
8237/03,1
8304/78,1
39438/05,1
7054/10,1
27359/05,1
11522/03,1
27804/05,1
10393/04,1
75628/01,2
10737/84,1
27644/95,3
15508/89,1
6962/13,2
60249/13,1
26565/05,3
10911/05,1
8999/07,1
51768/99,2
10346/05,3
724/06,1
5766/05,1
56237/08,1
15154/03,1
46677/06,1
41230/04,1
36469/08,1
25717/03,1
21198/05,1
38958/07,1
10290/13,1
49491/99,3
71572/01,1
24086/04,1
30237/10,1
9536/10,1
57963/00,1
32936/09,1
17963/08,1
53862/07,1
17679/03,1
55339/00,3
6000/10,1
33276/03,1
4439/04,1
32168/05,1
9984/03,1
33896/04,1
56673/00,3
4504/04,2
18467/16,1
289/14,2
24297/05,1
46311/08,1
24061/04,1
26867/02,1
22252/02,2
14156/07,1
33176/06,1
50210/99,3
36006/11,1
43730/06,1
39444/08,1
4665/04,1
20893/03,1
7031/05,1
77669/12,1
41762/15,1
32503/10,1
50346/07,1
26073/03,1
12868/05,1
26920/09,1
24247/04,2
25660/94,1
13919/12,1
39752/98,2
7097/11,1
33539/02,1
55712/00,1
35252/08,1
32668/02,1
28020/05,1
21913/05,1
38073/97,2
38590/10,3
7351/04,1
5079/04,1
7408/05,1
38771/05,1
21135/09,1
34288/04,1
30922/05,1
10486/83,1
26896/02,1
44626/98,1
31961/96,2
44286/06,1
65914/01,2
5428/05,1
49151/07,1
3673/05,1
66095/09,1
30078/06,3
36894/04,1
19730/10,1
16667/10,2
29345/09,1
42252/02,2
7413/05,1
76106/01,1
25182/94,3
26581/17,1
28348/13,1
12888/02,1
23563/07,1
17504/07,1
44674/05,1
28881/07,3
51967/99,1
8207/06,1
14719/03,1
23226/16,1
49009/09,1
265/07,1
6694/74,1
33234/12,1
21074/03,1
40016/98,3
60974/00,1
10640/05,1
72413/10,1
23458/02,1
41140/05,1
38958/12,1
46581/99,2
29784/07,1
26958/05,1
24753/16,1
56998/16,1
58104/08,1
75786/01,2
23592/07,1
42476/04,1
27710/05,1
28501/95,3
51497/09,1
1564/02,2
8263/15,1
10649/03,1
17828/05,1
24735/94,3
14523/08,1
15123/03,1
26118/10,1
33866/96,3
59445/00,2
34588/03,1
47974/06,1
60333/13,2
1484/16,1
446/10,1
58773/18,1
23493/12,1
41220/07,1
60650/11,1
9443/10,1
517/02,1
21794/93,1
34567/08,1
73802/01,2
4320/05,1
47874/99,2
49020/08,1
23502/06,1
57065/14,1
14824/02,2
54443/10,2
69524/01,1
26724/03,1
26680/95,3
17071/05,1
10721/02,1
10444/13,1
60018/00,1
22251/08,1
62202/00,2
11549/02,1
68007/01,1
61240/15,1
35939/10,1
40284/98,1
53172/10,1
60333/00,1
42940/06,1
25715/02,2
8456/08,1
1535/03,1
15557/15,1
37039/03,1
302/05,1
39972/98,2
731/07,1
29925/04,1
4267/02,1
51599/11,1
4532/04,1
36317/97,1
27229/95,3
17674/05,1
18378/02,1
10457/08,1
16566/90,1
23608/16,1
53029/99,1
5631/03,2
28971/05,1
67794/13,1
24901/02,1
48843/99,3
79457/13,1
18580/91,1
14290/03,1
29422/17,1
66742/11,1
42883/11,1
17054/08,1
56271/00,3
16651/05,1
28825/02,1
10865/09,1
1203/05,1
52673/15,1
27846/05,1
21796/05,1
44099/04,1
17156/05,1
36542/05,2
67907/16,1
24869/05,1
48130/99,1
42864/05,1
21377/03,1
59356/10,1
30235/03,1
22150/04,1
4570/07,1
17966/10,1
62903/15,1
35944/03,1
21846/08,1
13421/03,1
22915/07,1
37331/97,3
49869/06,1
63582/13,1
11051/06,1
25333/06,2
30943/96,3
30663/04,1
249/03,1
48364/11,1
20567/02,2
40128/02,1
29769/09,1
38303/02,1
37355/97,2
11364/03,3
45668/06,1
63945/00,2
44917/08,2
9362/81,1
2366/07,1
30628/02,1
12582/03,1
5222/07,1
63527/00,2
18096/12,1
23780/08,1
12228/86,1
24294/94,1
30451/96,2
58070/12,1
67591/12,1
21722/11,1
39678/98,3
51706/11,1
60272/00,1
25966/04,1
28700/03,1
44817/04,1
75616/01,2
17570/15,2
65058/01,1
40381/05,1
17202/04,1
52435/99,1
38758/05,1
34736/03,1
35105/04,2
66581/12,1
12089/07,1
11093/07,1
66609/09,1
19236/07,1
34322/02,1
31834/96,2
28766/06,1
55287/10,1
43478/11,1
18361/91,1
11253/07,1
46661/09,1
21834/14,1
27694/02,1
73049/01,2
37975/02,1
62377/16,1
18046/12,1
9605/03,1
44438/06,1
47911/15,1
47685/13,1
15339/02,1
5417/13,1
74153/01,2
56529/00,3
70883/01,3
50570/13,1
10465/17,1
21353/10,1
38789/04,1
48539/99,3
22635/04,1
29068/10,1
13255/07,1
49645/09,1
6687/10,1
4801/04,1
14174/09,1
21623/13,1
21742/02,1
35061/04,1
68980/13,1
10992/14,1
62590/09,1
34911/06,1
15034/02,1
36600/09,1
80825/13,1
2742/12,3
33539/12,1
49069/11,1
61701/11,1
33148/11,1
1236/05,1
29115/07,1
5151/15,1
47146/11,1
17074/09,1
33347/07,1
8011/02,1
5941/06,1
56796/00,3
5532/10,1
17849/91,1
14078/12,1
17092/04,1
40518/98,1
16332/18,1
38777/04,1
76928/11,1
16664/07,1
10174/02,2
2750/07,1
42643/98,2
25781/94,3
34964/97,3
42361/12,1
54734/12,1
10543/02,1
30454/08,1
41588/05,1
7261/06,1
72034/01,1
66458/01,1
22386/04,1
19397/10,1
38591/06,1
10302/05,1
4874/03,1
30138/02,1
20641/92,1
16574/08,3
37019/97,1
12436/11,1
23603/14,1
50067/13,1
39692/09,3
47877/99,1
24724/94,3
15056/02,1
38971/97,3
29462/95,3
14729/06,1
22551/06,1
4900/06,1
25282/06,1
35648/04,1
32546/08,1
59327/19,1
46387/99,1
15070/89,1
16505/02,1
25698/15,1
38719/03,1
1439/06,1
48756/14,1
22922/03,1
13258/09,1
3627/06,1
15523/89,1
1537/08,1
2843/05,1
23076/16,1
42921/09,1
67341/10,1
66357/14,1
17621/91,1
75617/01,1
51796/99,2
6539/02,2
20979/07,1
33268/03,1
25444/94,3
45167/06,1
16264/05,1
21462/04,2
27651/05,1
27213/04,1
9017/80,1
61531/14,1
55794/00,3
12772/06,1
79494/17,1
44319/11,1
39331/09,1
45705/07,1
4233/03,1
49198/10,1
52391/99,1
2462/03,2
44436/06,1
44726/04,1
35152/09,1
37466/04,1
5049/12,1
6058/02,1
58510/00,1
43798/05,1
9106/80,3
38124/07,1
75116/01,3
36888/13,1
21076/06,1
34202/06,3
49426/09,1
28917/05,1
636/10,1
16447/04,1
47944/06,1
12717/08,1
39657/98,3
50218/08,1
18052/11,3
52783/08,1
29281/95,2
44898/10,1
69981/14,1
45102/04,1
64581/16,1
25248/05,1
64204/01,1
35443/13,1
38238/13,1
18705/06,1
33915/03,1
45806/11,1
10736/03,1
63571/16,1
44837/08,1
49278/09,1
10921/16,1
33264/11,1
1850/10,1
39900/06,1
42987/98,3
46248/07,1
77164/12,1
34545/05,1
18072/91,1
27556/03,2
72754/11,1
28260/07,1
10277/05,1
25792/94,1
16212/08,1
17358/90,1
44187/04,1
52464/99,2
5123/07,1
10011/10,1
65122/17,1
21861/03,1
34630/07,1
60457/00,3
14074/15,1
23524/14,1
52168/99,2
35090/09,1
71601/14,1
24561/94,3
28790/08,1
77568/01,1
497/09,1
23464/06,1
41035/98,1
36760/06,1
45013/05,1
11213/03,2
33930/05,1
17502/07,1
17885/04,1
73225/01,1
54148/09,1
20440/15,1
8080/08,1
40978/05,1
53121/99,1
2162/05,1
59588/12,1
70838/13,1
30909/06,1
27243/95,3
19776/92,1
49275/99,1
26540/08,1
12096/14,1
25735/94,3
1849/08,1
8895/10,1
57180/09,1
10522/83,1
9117/04,1
45356/99,2
57745/11,1
38222/02,1
21593/93,2
29357/95,1
1636/02,1
60642/08,1
67585/01,1
43328/14,2
35853/04,1
55216/08,1
49905/06,1
45758/14,1
48101/07,1
9024/80,1
35630/02,1
54334/00,1
20583/04,1
30287/96,3
694/14,1
35128/02,2
38636/06,1
52077/10,1
40459/05,1
7842/04,1
65040/01,2
20077/02,2
76378/01,2
6240/18,1
27365/06,1
4877/15,1
8790/79,1
15737/02,1
38550/02,3
53834/07,1
25133/06,1
8300/06,1
58512/16,1
19218/91,1
68008/01,1
26168/04,1
13290/11,1
22000/03,1
28300/06,1
24291/08,1
17429/10,1
26216/07,1
6293/04,1
1413/07,1
3365/08,1
37462/09,1
7786/13,1
56925/08,3
38595/97,1
9464/11,1
3289/10,1
15452/07,1
15226/05,1
26864/03,1
11894/85,1
34155/08,1
25195/02,2
37645/04,1
31333/06,3
6857/02,1
27824/95,3
60858/15,1
18762/06,1
65311/09,1
1936/63,1
19601/92,1
29309/16,1
4064/03,1
37734/14,1
40476/98,1
42599/08,1
16428/05,1
46336/99,3
11921/04,1
1593/06,1
28957/95,3
26902/13,1
36743/97,3
26945/06,1
27970/12,1
61507/00,1
3441/02,1
5947/72,1
44023/02,1
29777/96,3
47137/07,1
5821/10,1
27946/02,1
32273/12,1
9480/06,1
48829/06,1
22833/07,1
14327/88,1
48876/08,3
15813/13,1
22493/05,1
46034/99,1
38450/12,2
24628/94,1
29092/95,1
23220/04,1
49009/07,1
14480/04,1
10623/08,1
32550/05,1
10994/05,1
17170/04,1
22643/14,2
3344/04,1
70665/01,1
31122/05,1
46344/06,1
40200/02,1
3360/03,1
8810/05,1
41663/04,1
2295/06,1
2075/13,1
76581/01,1
10810/05,1
38435/05,2
32848/06,1
18147/02,1
8578/04,1
14758/08,1
39446/06,1
42164/09,1
15313/15,1
33994/06,1
25454/06,1
49706/99,3
21958/05,1
34248/05,1
15762/10,1
26614/95,3
21351/93,1
11599/14,1
37698/97,3
36002/08,1
25053/02,1
38224/03,1
33707/05,1
48150/11,1
47273/99,1
6780/18,1
27273/95,1
34799/07,1
45508/99,3
45100/98,1
29266/08,1
51585/99,3
22812/05,1
6642/05,1
65731/01,3
27751/95,3
42297/98,2
8863/06,1
55861/00,1
44330/07,1
23620/05,1
12576/12,1
37428/06,1
46577/15,1
38770/02,2
49994/14,1
21890/93,3
25382/04,1
71243/01,1
31162/09,1
1399/07,1
8610/02,1
858/08,1
38898/04,1
19859/04,1
43076/07,1
10581/83,1
28417/07,1
31143/11,1
10280/12,1
34262/14,1
26115/10,1
38726/05,1
75041/17,1
47429/09,1
17957/09,1
9096/09,1
4941/07,1
45439/18,1
22495/08,1
49771/99,2
34332/03,1
53567/07,1
50326/99,3
10730/84,1
73182/12,1
28625/13,1
20127/08,1
41116/04,1
6638/03,3
19129/13,1
60214/13,1
4767/09,1
22231/05,1
10025/06,1
25968/02,1
45394/06,1
27291/16,1
9593/06,1
61978/08,1
7626/12,1
43449/02,1
27225/05,1
60934/13,3
68416/01,1
6210/05,1
1820/08,1
39462/03,1
29912/96,2
8537/05,1
10425/03,1
52895/99,2
37568/97,2
6858/11,1
1752/02,1
36220/97,1
35589/08,1
12547/86,1
59066/16,1
24893/05,1
24383/12,1
22636/13,1
13416/87,1
33949/05,1
52849/09,1
67647/01,2
19177/03,1
17056/06,1
49915/08,1
42440/06,1
43485/02,2
17323/04,1
65745/01,3
6051/07,1
11068/04,1
1600/09,2
24360/04,1
21724/19,1
5856/72,1
17362/03,1
34473/05,1
38887/09,1
37586/04,1
13344/11,1
58278/00,3
5682/06,1
43151/02,1
28883/95,3
67145/01,1
24853/11,1
7798/08,1
44803/04,1
921/03,1
27447/07,1
30971/12,1
36254/97,2
66689/01,2
13711/09,1
48386/09,1
39708/07,1
26230/11,2
619/12,1
65210/09,1
68356/01,1
49747/11,1
18389/03,1
41171/98,1
26419/10,1
45117/08,1
28955/06,3
49529/10,1
13791/06,1
17229/06,1
35425/07,1
29105/03,1
69966/01,1
46468/06,1
4922/02,1
53741/00,1
3933/04,1
2916/02,2
9310/81,1
46931/12,1
22742/02,1
36528/05,1
65734/01,1
54125/10,1
31959/13,1
39249/03,1
30462/15,1
49132/10,1
27441/07,1
47287/15,1
11798/85,1
8919/80,3
3572/06,1
29086/12,2
75068/12,1
52529/12,1
8797/16,1
59552/11,1
21692/06,1
33566/11,1
56660/12,1
42007/98,3
32589/96,2
10535/09,1
72686/01,2
34129/96,3
30054/96,3
11830/03,1
67534/01,3
39391/04,1
53984/00,3
18421/05,1
23200/10,1
50200/13,2
14437/05,1
19696/10,1
6219/08,1
21981/93,1
67394/17,1
53157/11,1
20049/15,1
40116/02,1
39299/02,2
21689/93,3
35396/97,3
36762/06,1
26828/06,1
69529/01,2
50963/99,3
310/15,3
41585/98,1
21163/08,1
25168/05,1
750/02,1
32993/02,1
20834/92,1
3429/03,1
25711/04,2
22238/13,1
7337/05,1
5384/03,2
52363/11,1
11032/04,1
45076/05,1
36821/11,1
14276/04,1
31775/16,1
17185/05,1
12138/08,1
13591/05,1
74087/10,1
3548/04,1
2248/06,1
30675/06,1
39041/15,1
37482/10,1
44746/04,1
17656/07,1
67/04,1
27617/06,1
59589/10,1
5192/16,1
41421/05,1
48247/06,1
50101/12,1
35160/05,1
23814/15,1
10249/03,3
6508/05,1
41471/10,1
3906/06,1
55528/08,1
37415/02,1
15890/89,2
76809/01,1
51380/07,1
18984/91,3
45142/14,1
64809/10,1
34649/16,1
21277/05,1
71362/01,3
9787/82,3
41195/02,1
66446/01,1
18938/07,1
77818/12,1
28020/03,1
40938/16,1
35995/09,1
11223/04,1
19314/07,1
6558/06,1
34478/97,1
19798/04,2
46956/09,1
38968/04,1
33086/04,1
64335/13,1
6923/03,1
1714/10,1
57049/00,1
28226/02,1
10590/83,1
26761/95,3
20473/02,1
58493/13,3
42952/04,1
42898/17,1
7577/02,1
41513/98,2
21865/02,1
24626/03,2
42707/10,2
51839/99,3
19732/04,2
15172/13,1
27273/09,1
22457/02,3
45972/99,1
6538/74,1
32347/02,1
48770/15,1
23927/94,3
70843/01,1
7600/09,1
20440/11,1
11354/05,1
36619/03,1
39507/13,1
1107/04,1
40825/98,1
8550/03,1
18011/12,1
14018/08,1
25549/94,1
38833/03,1
18024/04,1
16152/03,1
36045/02,1
43437/02,1
36772/02,1
31044/08,1
13703/04,1
37758/05,1
25238/08,1
27843/11,1
42383/02,1
42432/98,2
17267/03,2
30105/05,1
51564/99,3
19359/04,1
22554/04,1
66848/01,1
383/13,1
24842/04,1
48176/99,1
19440/05,1
16608/02,2
43151/04,1
19856/04,1
23969/94,1
18990/91,1
65075/01,3
18907/02,1
27618/10,1
63164/16,1
61050/11,1
38103/04,2
27080/08,1
22492/93,3
3360/04,2
10978/06,1
31449/04,1
62303/13,1
52557/14,1
9685/08,1
75955/01,3
10597/03,1
39855/04,1
39970/98,1
17888/07,1
48059/06,1
43165/10,1
39496/11,1
26654/08,1
9248/81,1
9840/82,3
38623/05,1
29609/16,1
28095/08,1
48616/14,1
27368/06,1
16412/06,1
26504/06,1
30100/18,1
44759/98,3
61432/11,1
26587/07,1
5381/04,1
56224/10,1
36500/05,1
24536/09,1
20723/02,3
33323/08,1
14260/03,1
48833/07,1
43553/10,1
18949/91,1
36083/16,1
37819/03,1
35991/97,2
27454/11,1
56070/08,1
24959/06,1
63409/11,1
33856/05,1
43664/16,1
6155/05,1
10799/06,1
30634/05,1
40559/12,1
35361/17,1
8607/02,1
13907/09,1
41744/15,1
62332/00,3
67036/01,2
17295/10,1
11508/85,1
13418/03,1
37927/02,2
20963/08,1
12544/08,1
20326/04,1
25527/13,1
17127/12,1
34942/05,1
41704/02,1
27853/09,1
29732/07,1
66042/10,1
10709/02,1
66754/13,1
7615/02,3
16184/06,1
60388/00,2
27360/04,1
75742/01,2
13166/87,1
44116/10,1
39758/05,1
72118/01,1
10441/06,1
36417/16,1
1411/03,1
33839/11,1
19457/02,1
11778/05,1
34736/06,1
47784/09,2
13119/03,1
10288/07,1
39151/04,1
21769/03,2
69498/01,3
6813/09,1
9304/05,1
39163/06,1
8982/10,1
10424/05,1
1532/13,1
2647/02,2
31960/96,2
30523/07,1
21772/06,1
26626/11,1
70926/01,2
8008/05,1
6818/10,1
41293/05,1
14810/02,1
41418/04,3
20142/10,1
27353/95,3
44558/98,3
63153/10,1
5747/10,1
1346/12,1
65582/01,1
35363/02,2
16483/12,1
7481/06,1
23240/04,1
49317/07,1
8355/07,1
18368/03,1
13541/06,1
66456/09,1
30530/96,2
38433/09,3
29763/07,1
8139/09,2
31585/02,1
27623/06,1
76236/11,1
1805/03,2
3598/03,1
35637/03,1
36662/04,1
42086/02,1
42973/05,1
7345/12,1
55822/10,1
38280/10,1
5738/10,1
9311/05,1
17229/13,2
28298/95,1
7873/09,1
18949/03,2
17779/08,1
7909/05,1
10208/82,1
8320/04,1
37555/97,3
40907/98,3
205/02,1
51227/16,1
12993/05,1
28173/10,1
25330/07,1
10519/83,1
21890/03,1
10705/12,1
58058/00,1
41498/04,1
49455/99,2
24904/07,1
36701/15,1
42780/98,1
10450/08,1
43696/04,1
21575/08,1
28537/02,1
19957/07,1
20551/02,2
38828/10,1
41285/02,1
22924/02,1
35062/03,1
27021/08,3
18882/02,2
42619/04,1
7739/06,1
15052/09,1
46218/09,1
32577/02,1
37926/05,1
19965/06,2
16314/13,2
23445/03,1
11044/03,2
57849/14,1
31296/02,1
23032/02,2
31365/96,3
61981/09,1
26451/07,1
81518/12,1
1231/11,2
20147/07,1
14348/02,1
28309/06,1
29957/14,1
28653/05,1
28496/17,1
29400/05,1
1941/06,1
14062/05,1
37289/02,1
22536/11,1
1451/10,1
13769/04,1
40022/05,1
42583/06,1
31611/96,3
29286/95,2
34356/06,1
9399/03,1
36321/16,1
28774/09,1
48758/99,1
38228/05,1
9414/13,1
47891/99,3
9540/07,1
39912/06,1
4225/02,2
16254/08,1
26386/02,1
24839/94,3
42977/04,1
23386/09,1
21539/02,1
32910/06,1
26308/15,1
8235/03,1
38388/07,1
57671/00,3
38201/16,1
43174/10,1
28749/18,1
22277/93,3
33192/07,1
36229/11,1
41698/04,1
45075/15,1
35289/11,3
5614/72,3
9842/07,1
864/13,1
13126/87,1
33099/08,1
8917/05,1
32338/07,1
23864/06,1
9103/04,2
33238/96,2
28965/02,1
23818/94,3
22/03,1
28353/06,1
54135/07,1
16870/03,1
5531/04,1
32151/09,1
4634/04,1
65499/11,1
62194/00,1
68351/01,1
231/15,1
30452/96,1
77708/01,1
71021/13,1
41683/06,1
24211/08,1
852/05,1
47152/06,3
29958/04,1
23086/07,1
11773/08,1
67326/01,1
69911/01,1
23667/06,1
64401/11,1
28221/08,1
31849/05,1
62435/00,1
3130/03,1
20292/04,1
11388/15,1
27527/03,1
64855/11,1
25086/94,1
58455/13,1
16741/16,1
54539/12,1
7097/10,1
2421/13,1
73011/13,1
23284/04,1
66289/01,3
29798/96,1
31845/18,1
27935/05,1
47067/11,1
15612/10,1
2971/08,1
22235/02,1
7723/07,1
20789/07,1
6372/05,1
46503/99,1
36697/03,1
9019/80,1
5493/72,1
33947/05,1
39437/98,1
9254/03,2
69949/01,3
23682/13,1
55391/13,1
17060/03,1
16899/13,1
42931/10,1
29570/02,1
11127/08,1
28426/06,1
32440/08,1
35298/04,1
2229/15,1
17972/07,1
20870/04,1
31145/96,2
77938/11,1
12938/07,1
46132/08,1
58764/09,1
22156/04,1
22429/07,1
24710/06,1
33870/96,2
38405/02,1
44508/04,1
50624/09,1
32367/96,2
6056/14,1
73219/01,1
18500/10,1
40080/08,1
28433/02,1
68136/01,2
35601/04,1
59545/10,1
25360/04,1
14298/06,1
20348/92,1
30165/02,2
47703/99,2
42597/13,1
19591/18,1
73203/01,2
42561/04,1
40774/02,1
52100/08,1
73469/10,1
16785/09,1
28780/02,1
37341/06,1
46311/99,1
16155/04,1
8044/06,1
13151/04,1
75726/01,1
52256/07,1
3082/06,1
53546/99,1
8000/08,1
32425/08,1
3500/04,1
50702/17,1
56443/11,1
67255/01,2
29898/03,1
41040/11,1
63315/00,1
9562/81,1
31345/05,1
1009/16,1
15783/10,1
66338/09,1
595/08,1
46797/08,1
7219/14,1
42559/08,1
46726/99,3
67026/01,2
33210/07,1
48730/99,2
62054/12,1
76900/01,1
38743/97,3
16602/06,1
42096/98,1
25166/05,1
47666/13,1
17945/03,1
51165/08,1
53791/11,1
50034/99,2
25452/03,1
10328/83,1
50552/13,1
25964/02,1
58954/09,2
16463/09,1
31391/05,1
38000/05,1
7928/02,1
54810/00,3
29175/04,1
18353/12,1
8273/78,3
18611/04,1
3727/08,1
28189/04,1
41354/10,1
57785/00,2
2361/05,1
17030/04,1
21998/14,1
15253/10,1
45095/06,1
25707/05,2
5871/07,1
62798/09,1
53494/09,1
34986/05,1
74552/01,1
11620/07,3
17089/03,1
22999/06,1
57053/12,1
64867/09,1
23459/03,1
5788/02,2
11810/03,3
75573/01,1
2749/17,1
25032/11,1
65659/01,3
13716/02,3
48001/99,2
44543/04,1
38184/03,1
32131/08,1
67544/13,1
79947/12,1
56110/09,1
1758/04,1
75947/11,1
40721/08,1
5457/03,1
61394/14,1
5193/09,1
68930/01,2
53565/13,1
35355/08,1
32541/08,3
13519/02,1
17953/08,1
23405/03,1
7478/03,1
72758/01,2
3790/05,1
37858/08,1
34539/02,1
28490/95,1
11209/84,3
58555/10,2
33348/96,3
17215/07,1
24325/03,1
45440/04,1
28481/03,1
30767/05,1
10583/09,1
39804/04,1
15084/03,1
35002/05,1
56854/13,1
14932/09,2
74609/10,1
75330/01,1
45776/16,1
3514/02,1
36658/05,3
73102/01,1
76918/01,1
55539/00,2
5730/03,3
31465/08,1
34454/97,2
5029/71,1
656/06,1
42863/02,2
48723/07,1
74448/12,1
12853/03,1
34932/04,3
20100/06,1
26129/95,3
21791/05,1
16179/14,1
41187/02,1
1895/04,1
67482/10,1
77955/01,1
7654/02,1
34764/07,1
11841/02,1
29171/16,1
20792/08,1
32104/06,2
25632/02,2
65719/01,1
19327/13,1
18270/14,1
14234/88,3
10687/02,1
8681/06,1
60225/00,2
32042/11,1
1262/02,2
27728/08,1
10332/02,1
66436/12,1
49905/07,1
37095/97,3
47938/07,1
27347/02,2
8549/06,1
8049/07,1
23037/04,1
34388/05,1
26144/95,1
43377/98,3
12673/05,1
37008/97,2
40217/02,1
16159/03,1
55508/07,3
18620/03,1
9941/03,1
32576/96,3
33079/96,3
42260/02,2
8362/02,1
11537/11,1
32501/09,1
26541/02,1
20271/05,1
28212/95,3
6106/04,1
7755/05,1
7638/02,1
3522/04,1
8088/05,1
6671/14,1
18988/16,1
32849/05,1
31153/03,1
15924/05,1
30157/03,1
23379/94,1
34661/07,1
17701/03,1
6644/08,1
44730/98,2
75300/01,1
70288/13,1
13312/12,1
26073/09,1
70335/01,1
11593/12,1
2118/10,1
75472/01,1
47558/10,1
50293/99,2
6268/08,1
29580/12,1
17010/04,1
33643/03,1
21425/04,2
29995/08,1
54872/08,1
52018/10,1
62357/14,1
59196/08,1
19558/09,1
12686/03,1
69146/01,3
3401/09,1
5339/07,1
81024/12,1
58701/00,1
42858/06,1
8265/04,1
10558/03,2
23304/05,1
77688/01,1
59474/11,1
18954/91,3
68337/01,1
52555/99,1
45006/98,2
17249/12,1
33728/05,1
75271/10,1
30033/05,1
68974/11,3
77819/01,2
48528/09,1
4493/11,1
31300/05,1
22493/07,1
2765/09,1
41720/13,3
29518/10,1
1727/04,1
35237/14,1
57240/14,1
23022/13,1
3682/10,1
14594/07,1
40897/98,2
13442/08,1
16629/05,1
44068/07,1
31382/96,2
67137/01,1
37986/09,1
48057/06,1
47921/08,1
40324/98,1
62439/12,1
25444/03,1
32347/04,1
7940/05,1
24340/08,1
57813/00,1
1099/08,1
17271/04,1
26986/03,1
33538/96,3
41956/98,2
4704/04,1
27368/07,1
65755/01,1
31594/08,1
36259/04,1
24141/06,1
10675/03,1
45311/05,1
54655/07,1
48921/13,1
31536/07,1
22289/08,1
22185/07,1
48345/12,1
11785/02,1
21774/06,1
9719/02,2
33469/06,1
28237/03,1
29290/10,1
25289/94,3
42797/06,1
83594/17,1
18706/16,1
21638/03,1
7435/04,1
67385/01,3
4919/16,1
68946/10,1
27143/95,1
31475/10,1
11621/09,1
70597/11,1
38128/02,1
67685/14,1
22014/04,1
15374/11,2
62730/00,2
29258/16,1
13801/07,1
5482/05,1
49684/99,3
26862/03,1
25952/03,1
44694/13,1
17868/07,1
21702/93,1
22649/08,1
36337/10,1
16519/05,1
19949/03,1
58821/08,1
69180/11,1
43837/06,1
4721/06,1
63686/13,1
39609/98,3
64387/01,3
7/08,3
842/02,1
21510/03,1
33200/11,1
58643/00,1
42124/98,3
74532/01,2
27770/08,1
24466/03,1
5076/05,1
78377/13,1
62776/00,1
54891/00,1
5231/04,1
27820/04,1
32558/03,1
14521/03,1
49746/99,3
15318/89,3
32053/13,1
34081/96,2
16354/06,3
13462/06,1
64207/01,1
23286/04,1
13134/87,1
17122/02,1
40676/11,1
40927/05,1
16997/90,1
45299/99,2
39660/02,1
16385/07,1
39598/98,2
697/07,1
63478/00,1
45519/06,1
15319/09,1
65192/11,1
51920/09,1
5952/07,2
18148/05,1
7158/04,1
21262/06,1
10161/13,1
9668/10,1
28926/10,1
26429/07,1
34728/02,1
29908/11,1
65290/14,1
31462/07,1
5442/11,1
17472/04,1
54966/09,1
63354/00,1
41340/98,3
16160/90,1
54427/08,1
36042/97,3
30814/06,1
39013/05,1
69714/16,1
23885/94,3
14662/07,1
29790/14,1
74336/01,1
51962/12,1
76293/01,1
35581/06,1
38144/02,1
21380/93,1
1371/03,1
30001/03,1
28956/05,1
10274/08,1
18469/06,1
30906/06,1
45115/09,1
75788/01,2
6433/09,1
3450/09,1
5663/04,1
51429/99,2
7369/09,1
28389/95,2
41431/98,1
59166/12,1
50147/07,1
29851/96,2
15035/03,1
42571/98,1
75804/01,1
47821/09,1
38004/12,1
27510/08,1
29116/03,1
62155/00,3
62068/08,1
55942/15,1
34421/09,1
10387/07,1
19554/11,1
609/07,1
25501/02,2
38670/97,2
18491/07,1
23052/05,1
30112/04,1
39701/14,3
45009/13,1
13557/02,2
26390/95,3
30218/96,3
64418/10,1
4241/12,1
46851/07,1
2914/02,1
59491/00,1
61170/09,1
53044/13,1
76943/11,3
70890/13,1
11946/11,1
41675/08,1
4938/16,1
32241/07,1
33102/04,1
25580/03,1
15764/89,3
27365/07,2
34761/03,1
39047/11,1
280/06,1
58887/00,1
34690/05,1
66953/09,2
61257/08,1
60790/12,1
47274/15,2
48990/99,2
10060/07,1
32165/02,1
12470/04,1
32513/08,1
34526/15,1
1128/16,1
57123/10,1
41220/98,3
7910/10,1
44095/06,1
58040/09,1
45291/05,1
9072/02,2
32006/96,2
32631/09,1
38478/05,1
1839/04,1
38016/07,1
47696/10,1
45611/13,1
82/02,1
54071/00,1
26892/05,1
30765/08,1
15601/02,1
31406/03,1
17221/13,2
22684/05,1
41226/09,1
27159/95,1
72374/01,2
22508/02,1
20289/10,1
24014/05,1
40412/98,1
5734/14,1
24857/07,1
69319/12,1
20482/03,1
66019/01,2
31596/07,1
43239/04,1
43531/08,1
12584/05,1
42413/09,1
16391/05,1
37075/09,2
6587/04,1
13909/05,1
35673/97,2
46192/07,1
38762/03,2
44388/17,1
31417/96,3
30049/02,1
27887/06,1
39034/04,1
29295/95,1
11184/03,1
36801/06,1
71891/10,1
34230/07,1
16854/03,1
10048/10,1
16092/05,1
8544/79,3
31466/09,1
22174/06,1
73974/14,1
45392/11,1
22581/15,1
34619/97,3
63468/00,1
20484/05,1
12106/09,1
4834/06,1
11788/16,1
20772/92,1
42872/02,1
28541/95,3
73748/13,1
72174/10,1
7994/14,1
50757/07,1
66079/01,1
34592/06,1
57807/00,1
31185/14,1
72065/17,1
42119/12,1
6924/02,1
29090/06,1
32881/04,1
12742/87,1
10042/11,1
59645/00,1
39505/98,2
45559/04,1
70337/01,1
31373/11,1
69596/13,1
8747/02,1
20857/05,1
18108/03,1
41242/08,1
17444/04,2
38736/04,1
301/12,1
27603/15,1
23410/09,1
9724/03,1
27414/17,1
74411/01,2
59443/12,1
65245/11,1
21477/10,1
3111/10,1
20919/92,1
21613/07,1
32963/16,1
39058/05,1
32896/07,1
26410/02,2
2312/08,1
37959/02,1
46977/15,1
29143/09,1
43901/07,1
37105/09,1
13310/04,1
17792/07,1
33637/02,1
16654/90,1
44689/16,1
30287/09,1
74321/01,1
55056/10,1
35630/04,1
9849/15,1
8296/05,1
68443/01,3
30671/08,1
74163/13,1
4417/02,1
71160/13,1
1206/03,1
67608/11,1
48015/99,3
39420/03,1
17285/08,1
8413/02,1
16567/10,1
9916/13,1
17889/07,1
61485/08,1
41579/98,3
15989/11,1
5270/04,2
17080/07,1
27791/09,1
17294/04,1
34576/08,1
70898/01,2
61382/09,1
679/11,1
27719/02,1
54227/14,1
69955/01,1
14904/11,1
48105/17,1
30210/96,3
33392/12,1
39857/03,1
8865/06,1
49128/06,1
41012/05,1
21823/03,1
15573/89,3
30873/96,1
6636/09,1
3912/15,1
21267/14,1
26744/02,1
12850/87,1
38187/97,1
50015/99,3
23103/07,1
13469/06,1
45783/05,1
43768/07,1
54012/07,1
1441/07,1
28523/95,1
26826/10,1
27715/95,2
60393/13,1
8934/05,1
24755/94,1
50031/11,1
38191/12,1
13642/06,1
15974/90,1
45476/04,1
31407/07,1
6833/74,3
5928/13,1
30364/09,1
38114/03,1
77018/01,1
64836/16,1
33954/05,1
39619/98,2
42091/02,1
14220/88,1
57405/15,1
47402/99,2
72986/10,1
25851/06,1
6735/03,1
28823/04,1
4947/04,1
32190/96,3
17835/07,1
41313/06,1
36689/02,1
4956/15,1
7988/09,1
61928/13,1
38055/97,3
15187/03,3
17862/91,3
28157/08,1
33488/96,3
61495/11,1
33584/02,1
27413/09,1
20022/92,1
16621/05,1
35257/04,1
3363/08,1
25236/02,1
23691/06,1
25230/02,1
31330/02,2
35343/05,1
63412/00,3
7097/18,1
2594/07,1
13289/06,1
3360/09,1
2815/05,1
28181/11,1
10780/07,1
39575/06,1
17707/02,3
11681/85,1
22072/02,1
50264/08,1
5481/19,1
59444/00,1
49892/99,2
32045/10,1
48321/99,3
3681/06,1
66742/01,3
26297/95,1
65107/16,1
22956/04,1
35887/05,1
5044/02,2
72976/01,1
35722/15,1
23186/94,3
34044/08,1
7997/08,1
20982/07,1
1774/11,1
27244/09,1
49379/13,1
24271/05,1
36305/03,1
11760/85,1
2952/06,1
21627/93,1
2866/16,1
2611/07,1
33800/12,1
4551/10,1
41703/06,1
69533/01,1
31043/04,1
45289/99,1
35264/04,2
57467/15,1
19462/04,1
17101/90,1
83399/17,1
34126/05,1
50541/08,1
12222/09,1
35023/04,1
69916/10,1
1192/04,1
63551/13,1
39948/06,1
33908/04,1
42431/02,1
36446/04,1
46663/15,1
17721/02,1
41302/02,1
75872/01,1
4374/05,1
57426/14,1
28973/11,1
28040/08,1
19601/16,1
54659/00,1
22053/02,1
23118/93,3
45498/11,1
25586/94,1
32248/12,1
10833/03,1
44885/04,1
38988/02,1
50130/12,1
12350/04,1
45727/16,1
27341/02,1
38767/07,1
36407/12,1
32327/06,1
56422/09,1
5774/10,1
68919/10,3
18114/06,1
3947/03,1
13092/87,1
12739/05,2
46030/18,1
3532/07,1
33064/15,1
16174/02,1
13812/09,1
45196/04,1
45158/09,1
3653/05,1
26321/03,1
11890/05,1
27295/03,2
38779/04,1
29946/10,2
18328/03,2
39747/10,2
18541/04,1
56767/00,1
34171/04,1
34489/05,1
37293/09,1
2034/07,1
32008/05,1
17054/06,1
52159/99,2
60231/00,2
4889/05,1
50385/99,3
40833/07,1
39647/98,3
71551/01,2
27058/05,1
7942/05,1
32715/06,1
57670/00,1
7516/04,1
7883/07,1
43349/05,1
74820/14,1
33132/02,1
40385/06,1
36811/97,2
37212/02,3
17262/07,1
22330/05,1
52624/10,1
51559/99,2
9959/06,1
41604/11,1
12535/06,1
36822/06,1
24882/94,3
13439/10,1
622/11,1
527/07,1
12793/02,2
36144/09,1
38780/02,1
24435/04,1
21816/03,1
19106/03,1
24162/06,1
49197/06,1
70945/11,1
29918/96,2
7834/12,1
33509/04,1
23782/06,1
39583/05,1
3678/06,1
49176/99,3
48316/08,1
41603/05,1
33809/08,1
21666/09,1
42534/09,1
8209/78,3
28686/06,1
26771/03,1
1092/04,1
12803/02,1
42932/11,1
39327/02,1
4633/15,1
50187/06,1
12398/86,1
21880/03,1
60104/08,1
17022/02,1
18967/07,1
6303/05,2
8543/04,1
33066/04,1
37930/02,2
2220/05,1
5782/10,1
37894/07,1
5194/07,1
3627/07,1
57837/09,1
15450/89,1
12490/86,1
1062/03,1
68868/14,1
4755/16,1
28524/95,3
72331/01,1
40167/06,3
5761/03,1
42969/09,1
37614/11,1
3459/13,1
1056/05,1
5943/07,1
40679/98,1
74073/01,2
131/02,2
64218/01,2
20225/92,1
56074/10,1
44460/16,1
25703/11,3
17650/02,1
64236/01,1
5190/14,1
58274/15,1
2040/04,1
10092/13,1
77835/01,2
29926/08,1
32940/08,1
48917/15,1
64752/09,1
37873/04,1
44774/98,3
35017/03,1
22885/93,1
14032/88,1
22015/10,1
42010/06,1
7088/11,2
58688/11,1
27504/95,1
10090/16,1
68556/13,1
124/04,1
77208/16,1
50516/99,2
25038/08,1
53760/00,3
35436/97,3
45559/06,1
30810/03,1
43554/04,1
46389/99,1
25762/07,1
20652/92,1
17416/03,2
67258/13,1
44379/02,1
54039/00,1
33682/05,1
35109/06,1
19847/07,1
31477/05,1
29604/12,1
42752/04,1
33689/05,1
68444/01,1
21987/07,1
63508/11,1
22993/02,2
47698/99,2
56308/00,2
25088/11,1
8725/07,1
7653/06,1
43209/04,1
52019/07,1
22434/08,1
55795/11,1
6312/13,1
38703/97,3
29549/04,1
17534/03,1
6189/03,1
43380/10,1
9228/80,3
9807/02,2
3223/07,1
32547/03,2
7182/03,1
18412/05,1
45983/99,1
38872/03,1
34412/97,2
35080/04,1
8802/07,1
65833/09,1
10053/08,1
21061/06,1
18858/03,2
57345/00,1
22387/05,1
7888/03,1
35507/07,1
29612/05,1
15250/02,3
23338/09,1
27617/04,1
1303/02,3
34683/08,1
23824/94,3
22152/05,1
756/05,1
54468/09,1
4287/19,1
11761/85,1
17945/02,1
40756/06,1
25701/94,3
14416/06,1
41472/06,1
6729/07,1
41282/16,1
6906/03,1
38032/05,1
57831/13,1
73341/14,1
59644/09,1
2660/03,1
39311/05,1
12895/02,1
40642/02,2
19365/02,1
31379/10,1
62356/09,1
10616/02,1
10781/08,1
3690/10,1
25148/07,1
75535/01,1
24876/94,3
81142/17,1
27561/02,1
17247/13,1
24023/06,1
26657/07,1
54915/09,1
44322/13,2
43777/13,1
51204/99,2
37096/97,1
76096/01,1
13693/05,1
59913/00,1
33933/05,1
41299/09,1
61498/08,1
4571/04,1
41893/98,2
44497/06,1
15773/89,1
61898/00,2
35534/10,1
43578/98,1
62361/00,3
9190/03,1
69484/01,2
56111/12,1
2257/12,1
26606/04,1
47215/07,1
24784/02,1
15303/09,1
34418/04,2
23377/02,1
16033/06,1
23341/06,1
12556/03,1
75773/01,2
25924/06,1
24246/94,3
59532/00,3
46117/99,1
37829/08,1
35878/08,1
67353/01,1
16579/03,1
14077/05,1
69747/13,1
2311/04,1
45936/99,2
27966/06,1
66356/10,1
43868/06,1
18475/05,1
56334/08,1
7087/04,1
59696/00,1
13282/04,1
29765/02,1
919/15,1
59955/15,1
23657/94,3
35368/04,1
21893/93,3
44920/09,1
35561/06,1
12918/12,1
35185/04,1
17423/05,1
37758/03,1
43490/07,1
4171/03,1
45729/05,1
40426/98,2
36716/07,1
74054/11,1
2539/13,1
29089/06,1
35615/06,1
42533/11,1
32836/06,1
61112/12,1
17716/08,1
52623/14,1
7589/12,1
27183/03,1
31540/02,1
44374/04,1
47758/99,2
1901/05,1
38155/02,1
68377/17,1
2369/09,1
48521/99,3
37537/13,1
13457/11,1
35030/04,2
12979/04,1
45288/99,1
33707/14,1
28140/05,1
34759/04,1
74727/01,3
3267/03,1
22408/08,1
74889/16,1
54195/07,1
11612/05,1
18766/04,1
905/15,1
53173/10,1
4604/09,1
41288/15,1
32655/11,1
8612/02,1
69460/12,1
58656/10,1
42224/02,1
42974/07,1
20455/04,1
35394/97,3
13284/04,2
38460/97,3
57404/08,1
1006/07,1
66917/11,1
27057/06,1
11239/11,1
63689/13,1
14085/04,1
29432/08,1
39138/05,1
17459/13,1
25415/94,1
4646/08,1
9464/02,1
8001/07,1
27305/95,3
36455/02,2
19009/04,1
38845/04,1
41088/05,3
33138/06,1
35432/07,1
35254/07,1
4251/02,3
63507/11,1
52039/99,3
33302/08,1
35968/97,3
38937/97,2
36515/97,3
878/13,1
27250/02,2
33097/96,3
58174/00,2
25575/08,1
76141/01,1
36250/06,1
7186/09,1
56713/09,1
54511/11,1
19005/91,1
9390/05,1
48804/99,1
32457/05,1
35377/05,2
20937/07,1
7877/02,1
41461/10,1
30261/17,1
27065/05,1
3026/03,1
40025/10,1
63754/09,1
13566/02,1
7497/02,2
16901/03,1
25965/03,1
38258/03,1
78484/11,1
20954/13,1
2746/05,1
31948/05,1
76805/11,1
33264/02,1
412/03,1
54749/12,1
476/07,1
29921/96,2
31242/05,1
51521/99,1
50390/99,3
30279/07,1
19245/03,1
62000/00,2
37394/11,1
43425/98,2
44971/04,1
73743/11,1
7906/77,3
56987/15,1
6587/07,1
19538/10,1
30494/96,2
57468/08,1
80909/12,1
57814/12,1
75402/01,1
63398/13,1
11008/04,1
26676/06,1
43494/09,1
45771/99,1
24086/03,1
10247/09,1
33552/05,1
48621/07,1
36404/97,1
78162/13,1
35164/05,1
9967/06,1
19264/07,1
42289/11,1
33807/07,1
31761/04,1
31930/04,1
12111/04,1
72950/13,1
15131/17,1
29481/13,1
21731/03,1
27781/06,1
15185/05,1
44399/05,3
44244/08,1
67545/09,1
55723/00,1
47563/16,1
9673/09,1
45036/98,3
31387/05,1
19522/09,1
24277/03,1
13102/03,1
43709/02,2
24952/94,3
4629/03,2
81681/12,1
65191/01,1
36590/97,2
73233/01,2
30760/06,1
30162/10,1
9548/06,1
38623/03,1
48839/09,2
25315/08,1
68900/13,1
58662/11,1
30206/06,1
56185/07,3
8403/02,1
22365/10,1
33977/96,1
24620/02,1
37283/13,1
55193/00,1
101/15,1
49788/06,1
6518/04,1
3400/06,1
70520/10,1
31107/96,3
48474/14,1
4573/04,1
29980/08,1
47424/13,1
17967/03,1
42946/98,3
5548/05,1
54826/00,1
32166/04,2
5095/71,1
236/12,1
30352/03,1
28674/03,1
17/02,2
44158/98,3
9429/10,1
55161/00,2
2204/07,1
15438/05,1
2962/13,1
50070/10,1
64752/01,1
45029/98,3
13670/03,1
57258/00,1
35179/97,3
28071/02,1
6128/12,1
6903/75,1
71605/01,1
20543/02,1
71205/11,1
67485/17,1
42711/02,1
41511/02,1
25904/07,1
20330/03,1
30431/03,2
21752/02,2
39602/05,1
78028/01,3
20075/05,1
15890/04,1
56662/09,1
11562/05,2
21249/05,1
32844/07,1
45285/12,1
1175/06,1
609/14,1
26256/11,1
15684/05,1
55594/13,1
53161/99,2
26105/03,1
39269/98,3
8140/04,1
35692/11,1
75139/01,3
3840/05,1
4828/04,1
27533/04,1
9302/11,1
29431/05,1
41610/98,2
5447/03,1
31276/02,2
37374/05,1
16974/15,1
32217/96,1
40523/08,1
12444/05,1
1750/03,1
33158/96,3
6878/75,3
70750/14,1
50064/99,2
44153/06,1
28348/09,1
10375/08,1
61920/09,1
41887/09,1
14349/03,1
23541/94,1
9077/05,1
61766/11,1
59320/00,3
15333/16,1
36487/12,1
17623/04,1
36619/05,1
16048/06,1
26958/04,1
11887/07,1
37119/97,3
6888/03,1
77512/01,2
7215/75,1
23747/05,1
50371/09,1
74441/14,1
32783/03,2
39071/08,1
48243/11,1
43715/05,1
5410/03,1
75687/01,2
54727/00,2
46506/99,2
62608/00,2
901/05,1
19406/05,1
39326/02,1
55299/07,1
50110/99,1
18966/02,2
50859/10,1
30686/03,1
36495/02,1
16407/05,1
69095/10,1
38321/03,1
31572/03,1
28299/95,2
31720/02,1
33294/03,1
27945/10,1
16609/05,1
50171/09,1
41033/98,3
2866/13,1
75879/14,1
11375/02,1
4853/02,1
60856/00,1
36650/03,1
9269/08,1
35187/07,1
926/08,1
38030/12,2
20743/07,1
38291/07,1
36661/07,1
41262/05,2
56161/00,1
23280/08,1
71463/01,3
65422/01,2
33593/03,3
27915/95,1
24654/03,2
7505/06,1
43123/10,1
1585/09,1
24676/07,1
70786/01,1
23872/04,1
35877/05,1
35332/17,1
12049/02,3
28159/03,1
27620/09,1
47761/16,1
54333/13,1
41338/06,1
27962/10,1
19246/10,1
20745/04,1
921/14,1
12381/04,1
16717/90,1
31892/96,2
39424/02,1
23086/08,1
3013/04,1
5489/16,1
71071/01,1
40394/10,2
22107/03,1
10533/83,1
45797/09,1
56547/10,1
13071/06,1
54723/00,2
68050/01,1
9138/02,2
61467/12,1
8759/05,1
33740/06,1
45028/13,1
35523/06,1
50271/06,1
39878/05,1
2961/09,1
14322/12,1
25895/05,1
34568/08,1
22755/04,1
40020/03,1
4158/05,1
10857/84,1
70923/11,1
24376/08,1
30474/03,1
7211/06,1
29437/02,1
50165/06,1
31548/96,2
39374/98,3
40117/02,1
68924/12,1
247/11,1
22149/05,1
61034/09,1
25714/05,1
52241/14,1
19632/92,1
29891/02,2
15509/12,1
18297/13,1
45658/99,2
41738/10,3
20310/02,1
30072/04,1
32349/16,1
46443/09,1
1291/03,1
42435/02,1
7525/76,1
9962/05,1
68939/12,1
43932/08,1
32702/13,1
18368/02,1
1413/08,3
55593/15,1
44320/98,3
51772/99,3
37295/05,1
49614/18,1
29843/04,1
50446/09,2
12020/09,1
24069/03,1
20511/03,1
36503/11,1
30265/09,1
38411/02,1
17494/16,1
35527/04,1
48038/06,1
63113/13,1
41444/98,1
7259/03,1
54169/00,1
39814/04,1
22118/02,1
31553/03,1
33512/04,1
15464/02,2
17551/02,1
43626/98,3
18414/10,1
9765/10,1
42697/05,1
26124/02,1
15242/04,1
18968/05,1
74814/14,1
10662/06,1
45264/04,1
53205/13,1
20089/06,1
51/06,1
66166/13,1
25230/03,1
7971/07,1
12021/06,1
48171/99,2
14755/03,1
41152/06,1
28472/08,1
29202/95,3
37685/10,1
2700/10,1
11491/85,1
22350/13,2
5993/08,1
27577/04,1
10633/15,1
41516/10,1
67604/10,1
36613/08,1
15741/03,1
31694/06,1
20755/04,1
23779/02,1
48719/08,1
77785/01,1
20915/07,1
12986/13,2
65859/01,3
46400/09,1
2068/03,1
48191/99,1
38361/97,1
37193/08,1
71251/01,3
21700/02,1
32737/16,1
21980/04,1
35810/14,1
48009/08,1
27243/03,1
44137/12,1
4772/06,1
562/05,1
67320/10,1
68842/13,1
15259/11,1
31866/96,3
8937/09,1
5433/02,1
52644/99,1
36898/03,1
21200/05,1
14769/09,1
40355/11,1
31622/07,1
14464/11,1
71660/11,1
38011/97,2
36775/05,1
43365/02,2
8260/04,1
14448/88,1
19567/02,2
3300/10,1
50098/07,1
1313/08,1
2683/12,1
31172/07,1
6323/03,1
2703/02,2
5425/11,1
35019/97,3
33706/05,1
26646/07,1
33234/07,1
4596/02,1
68479/01,2
42295/98,3
39270/98,1
16328/03,1
59297/09,1
35367/05,1
41202/98,3
23954/10,1
36044/09,1
21363/09,1
42049/98,2
44125/06,1
7883/02,1
62179/00,2
16757/90,1
10775/09,1
35999/97,2
52160/13,1
30475/03,1
7461/08,1
28704/06,1
37666/13,1
7436/02,1
38665/97,2
37062/02,1
10226/03,3
9278/06,1
34461/07,2
16443/07,1
24490/03,1
22766/02,1
32526/05,1
70148/01,3
6490/07,2
4968/10,1
25198/02,1
59704/08,1
27303/09,1
17318/06,1
63638/09,1
22986/04,1
44292/09,1
21322/02,2
19956/06,2
10543/03,1
49418/99,3
32529/18,1
140/10,1
50733/99,2
332/57,3
7151/75,1
34000/96,3
26918/02,2
51151/06,2
8866/04,1
31253/96,3
31475/05,1
17800/10,1
25329/05,1
51876/13,1
54252/07,1
1182/05,1
32385/96,2
8513/11,1
42475/04,1
17252/04,1
48254/99,1
67374/11,1
53139/11,1
24396/94,3
32953/13,1
42857/02,2
9094/05,1
14940/89,1
39783/05,1
40345/98,1
54836/00,1
31181/03,1
41152/98,3
42991/13,1
29366/03,1
50775/13,1
44954/04,1
20261/12,3
13150/11,1
7265/10,1
12188/06,1
50719/06,1
44654/06,1
34272/09,1
60115/00,1
32540/05,1
48140/99,3
2637/05,1
2974/05,1
22892/03,2
17317/08,1
76648/12,1
7973/10,1
19336/04,1
17277/03,1
43624/14,1
59334/00,1
13601/05,1
36184/13,1
13770/88,1
32357/96,3
1401/08,1
33117/02,1
35088/07,1
45756/05,1
48108/07,1
14750/06,1
604/07,1
4572/06,1
39619/09,1
21240/05,1
29699/96,2
3383/06,1
27585/13,1
65888/01,1
2418/16,1
12744/87,1
81639/17,1
39665/98,3
773/03,3
57641/00,1
10398/04,1
5865/07,1
60045/10,1
17526/10,1
21050/02,1
76525/01,2
26853/04,1
14898/04,2
72780/12,1
19011/05,1
42731/06,1
6433/18,1
11930/11,1
21055/09,1
8400/07,1
17739/09,1
1448/04,1
40835/98,2
58240/08,1
25732/05,1
62978/15,1
16909/06,1
35821/18,1
37710/97,3
24706/05,1
1562/10,1
5334/11,1
28389/06,1
39846/04,1
31953/11,1
7070/04,1
1415/11,1
2166/15,1
55885/00,2
74420/01,1
35685/97,3
31881/02,1
44396/05,1
18026/03,1
70840/10,1
8777/79,1
35081/10,1
10319/04,1
9929/12,1
8347/12,1
37598/97,3
17906/15,1
67449/14,1
50933/07,1
27912/02,1
34481/97,3
25498/08,1
42046/06,1
23380/09,1
57847/00,1
39447/03,1
75779/01,2
14613/02,1
18390/02,1
25629/94,1
63696/12,1
27900/04,1
75845/01,1
7819/77,3
34000/02,1
43734/14,1
19055/05,1
11408/16,1
42138/07,1
42927/08,1
30009/03,1
18322/03,2
30357/05,1
71386/10,1
36395/07,1
14130/14,1
38395/12,1
61530/00,1
24651/03,2
31535/04,1
13778/88,1
4451/70,1
2573/03,1
18899/19,1
63158/00,2
5635/09,1
52550/08,1
27455/06,1
2983/02,2
75469/01,1
15562/02,1
40555/04,1
47880/14,1
31044/12,1
64659/11,2
46245/99,3
15938/02,1
64480/09,1
60299/00,1
8429/05,1
54115/09,1
51728/99,2
55939/00,1
14949/02,1
752/15,1
61940/13,1
121/11,1
39712/05,1
38380/08,1
30276/03,3
1423/02,1
29296/95,2
62617/00,1
55913/00,2
36043/13,1
39898/03,1
12167/04,1
21268/04,1
29381/09,3
52643/07,1
17391/90,1
34211/04,1
67334/13,1
13737/03,1
46871/07,1
32263/03,1
14308/07,1
79867/12,1
24271/94,1
56795/13,1
18951/04,1
60367/10,2
14925/03,1
38918/02,1
66823/12,1
45190/07,1
2870/11,1
33857/17,1
36035/04,1
20161/06,1
10964/84,1
17081/06,1
36110/97,3
14656/03,1
36755/06,1
9907/02,1
8609/04,1
6566/05,1
60274/00,1
36942/03,1
57088/12,1
61596/00,1
24999/04,1
11770/08,2
63337/16,1
3489/03,2
32520/09,1
20113/07,1
7601/76,3
5235/09,1
33685/05,1
40465/04,1
21518/09,1
71731/01,2
69397/11,1
7821/07,1
33038/04,1
38054/05,1
63993/00,2
50196/99,3
60561/14,3
68556/10,1
40078/03,1
26374/18,1
26839/05,1
24751/10,1
57792/15,1
38945/05,1
47486/07,1
18487/03,1
26664/03,1
36985/97,3
42575/07,1
29360/06,1
33354/96,1
56568/00,2
19133/91,1
1479/08,1
28793/02,1
24559/04,1
33333/11,1
30089/03,1
19162/03,1
1461/02,1
55555/08,1
2326/11,1
63346/13,1
17506/90,1
19027/07,1
33203/08,1
44277/98,3
38262/10,1
42168/06,1
64846/11,1
7886/08,1
24130/04,1
21788/06,1
19634/07,1
69235/11,1
27082/09,1
35843/97,1
36256/97,1
73579/10,2
44038/05,1
20307/02,1
18837/06,1
55740/10,1
52495/99,2
12278/03,1
19574/09,1
21132/05,1
30808/11,1
10825/09,1
70879/11,1
59005/08,1
72701/01,1
55506/08,1
66610/09,1
6767/03,1
47268/06,1
21237/93,3
8661/06,1
5989/03,2
33499/96,3
3946/05,1
64283/01,2
28698/09,1
32344/13,1
60041/08,1
4168/10,1
29287/02,1
44973/04,1
15613/10,1
42998/08,1
38998/09,1
37328/97,3
3512/11,1
24213/08,1
46317/99,3
52796/08,1
45901/05,1
66157/14,1
60336/08,1
17724/14,1
10508/02,3
17599/07,1
19438/05,1
44436/13,1
16435/10,1
71342/01,1
3869/04,1
47081/06,1
6282/06,1
37850/97,1
45902/99,1
37641/04,1
21179/02,1
886/11,2
20497/13,1
48357/07,1
13191/02,1
38885/02,1
2281/06,1
53254/99,1
3305/04,1
3172/08,1
10699/05,3
29420/03,2
39897/02,1
20436/02,1
41214/08,1
2345/06,1
49284/09,1
4547/10,1
43580/98,2
14364/06,1
80529/13,1
21786/15,1
5995/06,1
12846/05,2
51143/07,1
14249/07,1
28923/95,3
27309/14,1
28396/95,3
34049/96,3
24490/94,1
41550/02,1
2563/06,1
38993/97,2
16492/02,1
16026/12,1
75362/01,3
23819/94,3
57435/09,1
18813/06,1
20200/02,1
48717/08,1
25604/06,1
52782/99,2
16162/90,1
17970/10,1
23401/04,1
1811/06,1
45092/07,1
2814/04,1
77850/12,2
62649/10,3
22443/05,1
16787/02,2
38812/97,3
52180/17,1
41594/06,1
63391/00,1
26602/95,1
18944/02,1
36772/04,1
74550/12,1
77420/01,1
59653/00,1
41281/13,1
39731/12,1
44381/04,1
7677/02,1
12219/05,1
38654/97,2
34396/05,1
27471/15,1
7299/75,1
66298/01,1
40543/04,1
2832/66,3
18419/13,1
53398/13,1
13771/02,1
23505/09,1
52873/11,1
72994/01,2
27278/03,3
7210/02,1
5327/11,1
38676/08,1
69929/12,1
9898/02,2
16013/02,1
42774/04,1
74681/11,2
43038/13,1
27180/03,1
48666/99,1
18508/07,1
76965/01,1
1068/12,1
56328/07,1
28443/05,1
9549/05,1
48817/99,1
37617/10,1
13024/05,1
4097/13,1
21896/08,1
2689/65,1
68385/10,1
36059/12,1
64204/10,1
30711/03,1
55220/00,2
40694/98,2
46284/99,2
41333/14,1
17949/03,1
18892/04,1
36919/02,1
48782/99,1
25437/08,1
19433/07,1
7153/07,1
11916/15,1
10109/14,2
41073/02,1
61821/00,1
56134/08,1
38904/05,1
65437/10,1
62077/08,1
49876/16,1
37645/10,1
1509/05,1
8870/02,1
52589/13,1
76524/01,2
58359/08,1
16887/07,1
22671/04,1
14737/08,1
21920/93,1
36246/97,1
42306/02,2
35382/97,3
26629/95,3
24459/12,1
35701/04,1
41736/18,1
72359/11,1
43284/02,1
22580/04,1
18700/09,1
8784/11,1
4239/08,1
61827/00,3
1813/07,1
1409/03,1
25942/94,1
5382/07,1
7516/10,1
26876/08,1
6018/12,1
4725/13,1
54457/00,2
62120/09,1
68496/10,1
69861/11,1
52479/99,1
679/13,1
7319/05,1
26682/95,3
19920/13,1
44189/98,2
68020/01,1
37950/97,1
24703/15,1
22601/09,1
5713/11,1
19554/06,1
14224/05,1
6390/03,1
35973/02,1
33505/96,2
33188/07,1
57675/10,1
48798/14,1
16558/18,1
7334/13,1
18339/04,1
55102/13,1
23366/94,1
40934/15,1
69419/13,1
22671/93,2
821/03,1
37647/04,1
7848/06,1
63964/00,2
73988/01,3
14914/03,2
72608/14,1
46601/06,1
57476/09,1
48554/10,1
5770/05,1
37287/09,1
47889/08,1
39631/06,1
66993/13,1
9441/10,1
45281/08,1
55477/10,1
16207/05,1
40293/06,1
37892/18,1
6966/13,1
31790/03,1
11855/85,1
16231/06,1
8713/03,1
11638/02,1
31008/02,1
16982/05,1
39553/12,1
14967/89,3
8630/03,1
6846/02,1
17521/09,1
20704/92,1
342/09,1
5266/02,2
64886/01,2
72022/01,2
8656/10,1
30649/05,1
39254/10,1
60860/00,1
17090/15,1
32621/11,1
31423/96,3
60037/00,1
34458/03,1
17320/10,1
77519/01,2
61233/12,1
10511/04,1
16437/04,1
61976/10,1
22163/08,1
58170/13,1
16980/06,1
22983/10,1
2872/02,1
19279/03,2
20458/92,1
24827/06,1
50043/14,1
43095/05,1
34425/04,1
23815/04,1
32744/10,1
17995/02,1
48874/06,1
41183/02,3
14791/04,1
12773/03,1
42989/13,1
1452/09,1
10071/04,1
14727/11,1
18682/09,1
51012/11,1
10368/05,1
24738/11,1
62864/09,1
49341/10,1
27335/13,1
4537/04,1
33955/08,1
43463/09,1
17142/18,1
27251/03,1
62812/12,1
868/05,1
12131/18,1
17241/06,1
28525/95,1
34344/07,1
11867/08,1
49076/06,1
8217/04,1
49998/17,1
72269/01,2
66463/01,1
29846/05,1
458/03,1
49616/06,1
35254/04,1
6799/02,1
21951/15,1
4966/13,1
15397/02,1
14151/02,1
44785/98,1
43611/11,1
32400/12,1
80960/12,2
18896/91,1
55339/07,1
71932/12,1
16424/90,1
31305/09,1
8138/16,1
34658/97,2
17039/13,1
57706/10,1
48783/07,1
25706/03,1
43441/15,1
42080/11,1
4487/04,1
39380/13,1
42908/98,3
66217/10,1
62844/00,2
21787/93,1
22872/10,1
23892/03,1
12192/06,1
8883/04,1
14807/08,1
76317/11,1
35283/14,1
30132/04,1
40303/98,1
31655/02,1
18157/04,1
22080/09,1
12424/06,1
55687/00,2
4505/08,1
44151/12,1
14057/17,1
29647/16,1
13886/02,2
676/09,1
7841/14,1
10551/10,1
22978/05,1
25825/05,1
68490/01,1
27795/03,1
42525/07,1
48555/10,1
47598/08,1
65196/01,1
20714/19,1
12499/05,1
7025/04,1
28739/09,1
60776/00,1
8174/05,1
15477/14,1
6875/05,3
17181/09,1
10873/84,1
63463/09,1
73481/01,1
77821/01,2
16583/04,1
42119/04,1
24888/94,3
45044/06,1
72967/01,1
20739/05,1
46004/99,2
56337/00,1
65681/13,1
56760/00,1
40166/07,1
74240/01,1
27516/04,1
1902/16,1
40330/98,2
8803/02,3
21257/93,1
63543/00,2
9446/02,2
25251/04,1
7232/07,1
69863/13,1
59341/09,1
5769/11,1
65557/14,1
78441/11,1
68890/01,1
41463/02,1
67099/01,2
33262/03,1
34806/04,1
22039/03,1
2697/06,1
29032/04,1
25114/11,1
67140/01,2
10890/84,1
1085/10,1
13008/13,1
68955/12,1
34472/07,3
54146/09,1
4063/04,1
63995/00,1
4963/06,1
33750/03,1
37354/03,1
18860/07,2
20159/15,1
52071/99,2
47881/11,1
26973/95,3
37542/05,1
64398/01,1
44658/12,1
9271/07,1
960/13,1
24885/05,1
29920/05,1
39177/05,1
3784/04,1
44912/98,3
2311/10,1
75817/01,1
22698/09,1
33983/02,1
11994/03,1
3885/04,1
24132/12,1
58613/08,1
28859/11,1
39405/03,1
22921/05,1
62930/12,1
13472/06,1
31987/10,1
23364/03,2
22088/04,1
13820/04,1
64927/01,3
28272/95,2
17373/02,1
17303/15,1
34616/02,1
23939/02,2
37451/97,2
31246/02,2
42478/04,1
13621/08,1
16484/02,2
19150/13,1
33644/96,3
23878/94,2
43233/02,1
25091/07,1
9749/82,3
40653/98,1
35841/16,1
13312/08,1
10732/05,1
11039/02,1
56280/07,1
33401/02,1
22302/10,1
66256/11,1
22674/02,1
5349/02,1
31393/08,1
25550/05,1
8307/11,1
58781/13,1
14148/05,1
38719/09,1
33343/96,1
21318/12,1
7788/11,1
59367/00,2
78352/14,1
37198/10,1
29088/08,1
59450/00,3
325/07,1
66313/14,1
3102/05,1
44554/13,1
31939/06,1
25601/12,1
29097/08,1
34622/04,1
942/02,1
48416/09,1
55408/07,1
22906/04,1
42202/07,1
38975/05,1
6360/04,1
24436/06,1
17304/03,1
5140/02,1
33949/02,1
33774/08,1
11770/03,1
33071/12,1
28785/04,1
33186/08,1
11296/84,1
43215/10,1
65897/01,1
11208/03,1
24527/08,1
35431/05,1
35403/06,1
31555/05,1
9303/02,2
32700/04,1
1962/07,1
15364/11,1
19421/15,1
3002/03,1
27052/95,3
46134/08,1
35916/08,1
57541/09,1
3638/04,1
14414/03,1
22775/03,1
76505/14,1
19177/09,1
1874/13,1
29724/08,1
10071/11,1
24827/05,1
33745/96,3
42095/98,3
39832/98,1
43044/05,1
72230/11,1
26189/06,2
14097/12,1
35041/05,1
76836/01,1
24662/94,3
7033/06,1
5701/02,2
19611/04,1
56080/13,1
45027/98,3
46546/12,1
36988/07,1
44896/11,1
1395/02,2
4345/06,1
10761/09,1
805/09,2
44711/16,1
21155/18,1
